{
    "loss": 3.9353950023651123,
    "accuracy": 0.7553957104682922
}