{
    "loss": 1.4425023794174194,
    "accuracy": 0.8561151027679443
}