{
    "loss": 0.6830148696899414,
    "accuracy": 0.9136690497398376
}