{
    "loss": 3.2152976989746094,
    "accuracy": 0.7769784331321716
}