{
    "loss": 0.47777053713798523,
    "accuracy": 0.9208633303642273
}