{
    "loss": 0.9427573680877686,
    "accuracy": 0.9136690497398376
}