{
    "loss": 1.5243935585021973,
    "accuracy": 0.8633093237876892
}